,mean corpuscular volume,alkaline phosphotase,alanine aminotransferase,aspartate aminotransferase,gamma-glutamyl transpeptidase,drinks per day
mean corpuscular volume,1.0,0.8709677457809448,0.8804348111152649,0.6637167930603027,0.012345679104328156,0.8020833134651184
alkaline phosphotase,0.8709677457809448,1.0,0.9651162624359131,0.6428571343421936,0.012658228166401386,0.8571428656578064
alanine aminotransferase,0.8804348111152649,0.9651162624359131,1.0,0.6486486196517944,0.012738853693008423,0.8666666746139526
aspartate aminotransferase,0.6637167930603027,0.6428571343421936,0.6486486196517944,1.0,0.011627906933426857,0.5641025900840759
gamma-glutamyl transpeptidase,0.012345679104328156,0.012658228166401386,0.012738853693008423,0.011627906933426857,1.0,0.012738853693008423
drinks per day,0.8020833134651184,0.8571428656578064,0.8666666746139526,0.5641025900840759,0.012738853693008423,1.0
