dataset,seed,method,train_bacc,val_bacc,test_bacc,tree_depth,tree_size,elapsed_seconds,llm_calls
breast,0,GATree,0.9480870878429399,0.9673913043478262,0.9569746376811594,4,17,0.09493303298950195,0
breast,0,Distilled-LLEGO,0.9628869871633526,0.9836956521739131,0.9153079710144928,3,11,0.5315241813659668,0
