{
  "depth_mean": 3.081081081081081,
  "depth_std": 0.8815949421783832,
  "size_mean": 10.675675675675675,
  "size_std": 3.171273544621109,
  "balance_mean": 0.7456563706563707,
  "balance_std": 0.26205655718931586,
  "feature_reuse_mean": 0.8761261261261263,
  "feature_reuse_std": 0.20384810500253192,
  "n_trees_fitted": 37
}